{
    "best_fitness": -2094.75,
    "worst_fitness": -2139.0,
    "average_fitness": -2117.9203125,
    "best_fitness_per_step": -26.184375000000006,
    "worst_fitness_per_step": -26.7375,
    "average_fitness_per_step": -26.474003906250005,
    "best_attempted_moves": 80.0
}