{
    "best_fitness": -2103.6,
    "worst_fitness": -2142.45,
    "average_fitness": -2124.5859375,
    "best_fitness_per_step": -26.294999999999998,
    "worst_fitness_per_step": -26.780624999999997,
    "average_fitness_per_step": -26.55732421875,
    "best_attempted_moves": 80.0
}