{
    "best_fitness": -2103.3,
    "worst_fitness": -2148.15,
    "average_fitness": -2124.384375,
    "best_fitness_per_step": -26.291249999999998,
    "worst_fitness_per_step": -26.851875,
    "average_fitness_per_step": -26.554804687499995,
    "best_attempted_moves": 80.0
}