{
    "best_fitness": -2110.95,
    "worst_fitness": -2145.45,
    "average_fitness": -2128.753125,
    "best_fitness_per_step": -26.386875000000003,
    "worst_fitness_per_step": -26.818125,
    "average_fitness_per_step": -26.6094140625,
    "best_attempted_moves": 80.0
}