{
    "best_fitness": -2094.0,
    "worst_fitness": -2137.65,
    "average_fitness": -2116.2890625,
    "best_fitness_per_step": -26.175000000000004,
    "worst_fitness_per_step": -26.720625000000002,
    "average_fitness_per_step": -26.45361328125,
    "best_attempted_moves": 80.0
}