{
    "best_fitness": -2099.85,
    "worst_fitness": -2134.95,
    "average_fitness": -2117.325,
    "best_fitness_per_step": -26.248124999999998,
    "worst_fitness_per_step": -26.686874999999997,
    "average_fitness_per_step": -26.4665625,
    "best_attempted_moves": 80.0
}