{
    "best_fitness": -2102.85,
    "worst_fitness": -2142.3,
    "average_fitness": -2124.909375,
    "best_fitness_per_step": -26.285625000000003,
    "worst_fitness_per_step": -26.778749999999995,
    "average_fitness_per_step": -26.561367187500004,
    "best_attempted_moves": 80.0
}