{
    "best_fitness": -2097.6,
    "worst_fitness": -2137.5,
    "average_fitness": -2116.875,
    "best_fitness_per_step": -26.22,
    "worst_fitness_per_step": -26.718749999999993,
    "average_fitness_per_step": -26.460937500000007,
    "best_attempted_moves": 80.0
}