{
    "best_fitness": -2106.45,
    "worst_fitness": -2139.0,
    "average_fitness": -2124.525,
    "best_fitness_per_step": -26.33062499999999,
    "worst_fitness_per_step": -26.7375,
    "average_fitness_per_step": -26.556562500000002,
    "best_attempted_moves": 80.0
}