{
    "best_fitness": -2108.85,
    "worst_fitness": -2149.8,
    "average_fitness": -2129.3671875,
    "best_fitness_per_step": -26.360625000000006,
    "worst_fitness_per_step": -26.872500000000002,
    "average_fitness_per_step": -26.617089843749994,
    "best_attempted_moves": 80.0
}