{
    "best_fitness": -2100.6,
    "worst_fitness": -2150.1,
    "average_fitness": -2128.2328125,
    "best_fitness_per_step": -26.2575,
    "worst_fitness_per_step": -26.876250000000006,
    "average_fitness_per_step": -26.602910156249997,
    "best_attempted_moves": 80.0
}