{
    "best_fitness": -2103.9,
    "worst_fitness": -2138.25,
    "average_fitness": -2121.8625,
    "best_fitness_per_step": -26.298749999999995,
    "worst_fitness_per_step": -26.728125,
    "average_fitness_per_step": -26.523281249999997,
    "best_attempted_moves": 80.0
}