{
    "best_fitness": -2097.3,
    "worst_fitness": -2143.2,
    "average_fitness": -2122.8890625,
    "best_fitness_per_step": -26.216250000000002,
    "worst_fitness_per_step": -26.79,
    "average_fitness_per_step": -26.53611328125,
    "best_attempted_moves": 80.0
}