{
    "best_fitness": -32718.3,
    "worst_fitness": -32944.65,
    "average_fitness": -32817.103125,
    "best_fitness_per_step": -102.2446875,
    "worst_fitness_per_step": -102.95203125,
    "average_fitness_per_step": -102.55344726562501,
    "best_attempted_moves": 320.0
}