{
    "best_fitness": -32721.15,
    "worst_fitness": -32974.05,
    "average_fitness": -32840.65078125,
    "best_fitness_per_step": -102.25359375000001,
    "worst_fitness_per_step": -103.04390625,
    "average_fitness_per_step": -102.62703369140627,
    "best_attempted_moves": 320.0
}