{
    "best_fitness": -32712.75,
    "worst_fitness": -32967.6,
    "average_fitness": -32822.380078125,
    "best_fitness_per_step": -102.22734375000002,
    "worst_fitness_per_step": -103.02374999999999,
    "average_fitness_per_step": -102.56993774414062,
    "best_attempted_moves": 320.0
}