{
    "best_fitness": -32716.35,
    "worst_fitness": -33028.2,
    "average_fitness": -32853.233203125,
    "best_fitness_per_step": -102.23859375,
    "worst_fitness_per_step": -103.21312499999999,
    "average_fitness_per_step": -102.66635375976564,
    "best_attempted_moves": 320.0
}