{
    "best_fitness": -32725.8,
    "worst_fitness": -33006.0,
    "average_fitness": -32856.6984375,
    "best_fitness_per_step": -102.26812500000001,
    "worst_fitness_per_step": -103.14375,
    "average_fitness_per_step": -102.67718261718751,
    "best_attempted_moves": 320.0
}