{
    "best_fitness": -32712.15,
    "worst_fitness": -32956.5,
    "average_fitness": -32816.6390625,
    "best_fitness_per_step": -102.22546875,
    "worst_fitness_per_step": -102.9890625,
    "average_fitness_per_step": -102.5519970703125,
    "best_attempted_moves": 320.0
}