{
    "best_fitness": -32722.8,
    "worst_fitness": -33035.55,
    "average_fitness": -32850.421875,
    "best_fitness_per_step": -102.25875,
    "worst_fitness_per_step": -103.23609375000001,
    "average_fitness_per_step": -102.657568359375,
    "best_attempted_moves": 320.0
}