{
    "best_fitness": -32721.45,
    "worst_fitness": -32946.0,
    "average_fitness": -32820.64921875,
    "best_fitness_per_step": -102.25453124999999,
    "worst_fitness_per_step": -102.95625,
    "average_fitness_per_step": -102.56452880859376,
    "best_attempted_moves": 320.0
}