{
    "best_fitness": -32726.25,
    "worst_fitness": -32955.45,
    "average_fitness": -32838.70546875,
    "best_fitness_per_step": -102.26953124999999,
    "worst_fitness_per_step": -102.98578125000002,
    "average_fitness_per_step": -102.62095458984376,
    "best_attempted_moves": 320.0
}