{
    "best_fitness": -32730.0,
    "worst_fitness": -33035.4,
    "average_fitness": -32856.2484375,
    "best_fitness_per_step": -102.28125,
    "worst_fitness_per_step": -103.235625,
    "average_fitness_per_step": -102.67577636718752,
    "best_attempted_moves": 320.0
}