{
    "best_fitness": -32737.35,
    "worst_fitness": -33014.25,
    "average_fitness": -32857.28671875,
    "best_fitness_per_step": -102.30421875,
    "worst_fitness_per_step": -103.16953125,
    "average_fitness_per_step": -102.67902099609375,
    "best_attempted_moves": 320.0
}