{
    "best_fitness": -32734.8,
    "worst_fitness": -33020.85,
    "average_fitness": -32852.03671875,
    "best_fitness_per_step": -102.29625,
    "worst_fitness_per_step": -103.19015625,
    "average_fitness_per_step": -102.66261474609375,
    "best_attempted_moves": 320.0
}