{
    "best_fitness": -32709.0,
    "worst_fitness": -32961.75,
    "average_fitness": -32821.667578125,
    "best_fitness_per_step": -102.215625,
    "worst_fitness_per_step": -103.00546875,
    "average_fitness_per_step": -102.56771118164063,
    "best_attempted_moves": 320.0
}