{
    "best_fitness": -21626.0,
    "worst_fitness": -33618.0,
    "average_fitness": -32928.026041666664,
    "best_fitness_per_step": -67.58125,
    "worst_fitness_per_step": -105.05625000000002,
    "average_fitness_per_step": -102.90008138020835,
    "best_attempted_moves": 273.3333333333333
}