{
    "best_fitness": -165694.2,
    "worst_fitness": -166025.25,
    "average_fitness": -165849.37604166666,
    "best_fitness_per_step": -230.13083333333333,
    "worst_fitness_per_step": -230.590625,
    "average_fitness_per_step": -230.34635561342597,
    "best_attempted_moves": 720.0
}