{
    "best_fitness": -165693.9,
    "worst_fitness": -166026.3,
    "average_fitness": -165860.16145833334,
    "best_fitness_per_step": -230.13041666666672,
    "worst_fitness_per_step": -230.59208333333336,
    "average_fitness_per_step": -230.36133535879625,
    "best_attempted_moves": 720.0
}