{
    "best_fitness": -165694.95,
    "worst_fitness": -166106.85,
    "average_fitness": -165891.3479166667,
    "best_fitness_per_step": -230.13187500000004,
    "worst_fitness_per_step": -230.70395833333333,
    "average_fitness_per_step": -230.4046498842592,
    "best_attempted_moves": 720.0
}