{
    "best_fitness": -165712.8,
    "worst_fitness": -166260.45,
    "average_fitness": -165936.66666666663,
    "best_fitness_per_step": -230.1566666666667,
    "worst_fitness_per_step": -230.91729166666664,
    "average_fitness_per_step": -230.4675925925926,
    "best_attempted_moves": 720.0
}