{
    "best_fitness": -165693.45,
    "worst_fitness": -166220.85,
    "average_fitness": -165905.26875,
    "best_fitness_per_step": -230.12979166666665,
    "worst_fitness_per_step": -230.86229166666666,
    "average_fitness_per_step": -230.423984375,
    "best_attempted_moves": 720.0
}