{
    "best_fitness": -165664.5,
    "worst_fitness": -166039.5,
    "average_fitness": -165857.03281249997,
    "best_fitness_per_step": -230.0895833333333,
    "worst_fitness_per_step": -230.61041666666665,
    "average_fitness_per_step": -230.3569900173611,
    "best_attempted_moves": 720.0
}