{
    "best_fitness": -165734.55,
    "worst_fitness": -166219.05,
    "average_fitness": -165934.746875,
    "best_fitness_per_step": -230.18687500000001,
    "worst_fitness_per_step": -230.85979166666667,
    "average_fitness_per_step": -230.46492621527779,
    "best_attempted_moves": 720.0
}