{
    "best_fitness": -165721.5,
    "worst_fitness": -166072.65,
    "average_fitness": -165890.49166666664,
    "best_fitness_per_step": -230.16875,
    "worst_fitness_per_step": -230.6564583333333,
    "average_fitness_per_step": -230.40346064814813,
    "best_attempted_moves": 720.0
}