{
    "best_fitness": -165693.45,
    "worst_fitness": -166162.8,
    "average_fitness": -165890.36458333334,
    "best_fitness_per_step": -230.12979166666665,
    "worst_fitness_per_step": -230.7816666666667,
    "average_fitness_per_step": -230.40328414351853,
    "best_attempted_moves": 720.0
}