{
    "best_fitness": -165705.9,
    "worst_fitness": -166035.15,
    "average_fitness": -165862.8541666667,
    "best_fitness_per_step": -230.14708333333334,
    "worst_fitness_per_step": -230.60437499999998,
    "average_fitness_per_step": -230.36507523148148,
    "best_attempted_moves": 720.0
}