{
    "best_fitness": -165673.95,
    "worst_fitness": -166067.85,
    "average_fitness": -165862.1421875,
    "best_fitness_per_step": -230.10270833333334,
    "worst_fitness_per_step": -230.64979166666672,
    "average_fitness_per_step": -230.3640863715278,
    "best_attempted_moves": 720.0
}