{
    "best_fitness": -165679.2,
    "worst_fitness": -166023.6,
    "average_fitness": -165850.52968749998,
    "best_fitness_per_step": -230.11000000000004,
    "worst_fitness_per_step": -230.5883333333333,
    "average_fitness_per_step": -230.34795789930553,
    "best_attempted_moves": 720.0
}