{
    "best_fitness": -165704.7,
    "worst_fitness": -166167.9,
    "average_fitness": -165901.11041666666,
    "best_fitness_per_step": -230.14541666666665,
    "worst_fitness_per_step": -230.78875000000002,
    "average_fitness_per_step": -230.41820891203702,
    "best_attempted_moves": 720.0
}