{
    "best_fitness": -165683.7,
    "worst_fitness": -166200.3,
    "average_fitness": -165892.39166666666,
    "best_fitness_per_step": -230.11624999999998,
    "worst_fitness_per_step": -230.83374999999995,
    "average_fitness_per_step": -230.40609953703702,
    "best_attempted_moves": 720.0
}