{
    "best_fitness": -165696.15,
    "worst_fitness": -166193.55,
    "average_fitness": -165898.77187499998,
    "best_fitness_per_step": -230.13354166666667,
    "worst_fitness_per_step": -230.824375,
    "average_fitness_per_step": -230.41496093749998,
    "best_attempted_moves": 720.0
}