{
    "best_fitness": -32650.35,
    "worst_fitness": -33099.75,
    "average_fitness": -32687.343950345698,
    "best_fitness_per_step": -102.03234375000001,
    "worst_fitness_per_step": -103.43671875,
    "average_fitness_per_step": -102.14794984483031,
    "best_attempted_moves": 320.0
}