{
    "best_fitness": -32640.9,
    "worst_fitness": -32984.4,
    "average_fitness": -32670.269334333552,
    "best_fitness_per_step": -102.0028125,
    "worst_fitness_per_step": -103.07625,
    "average_fitness_per_step": -102.09459166979234,
    "best_attempted_moves": 320.0
}