{
    "best_fitness": -31524.9,
    "worst_fitness": -33048.45,
    "average_fitness": -32005.065391263353,
    "best_fitness_per_step": -98.51531250000001,
    "worst_fitness_per_step": -103.27640625,
    "average_fitness_per_step": -100.01582934769799,
    "best_attempted_moves": 317.25
}