{
    "best_fitness": -32659.8,
    "worst_fitness": -33094.65,
    "average_fitness": -32695.861706473916,
    "best_fitness_per_step": -102.06187500000001,
    "worst_fitness_per_step": -103.42078125,
    "average_fitness_per_step": -102.174567832731,
    "best_attempted_moves": 320.0
}