{
    "best_fitness": -31285.3,
    "worst_fitness": -33062.1,
    "average_fitness": -32429.085231524787,
    "best_fitness_per_step": -97.76656249999999,
    "worst_fitness_per_step": -103.3190625,
    "average_fitness_per_step": -101.34089134851499,
    "best_attempted_moves": 316.0
}