{
    "best_fitness": -30758.8,
    "worst_fitness": -33087.9,
    "average_fitness": -31737.14190496709,
    "best_fitness_per_step": -96.12124999999999,
    "worst_fitness_per_step": -103.3996875,
    "average_fitness_per_step": -99.17856845302217,
    "best_attempted_moves": 312.55
}