{
    "best_fitness": -29552.65,
    "worst_fitness": -32982.0,
    "average_fitness": -31708.905555116868,
    "best_fitness_per_step": -92.35203125000001,
    "worst_fitness_per_step": -103.06875,
    "average_fitness_per_step": -99.09032985974021,
    "best_attempted_moves": 309.8
}