{
    "best_fitness": -30957.45,
    "worst_fitness": -33110.4,
    "average_fitness": -31423.753235110693,
    "best_fitness_per_step": -96.74203125,
    "worst_fitness_per_step": -103.47,
    "average_fitness_per_step": -98.1992288597209,
    "best_attempted_moves": 313.95
}