{
    "best_fitness": -29322.7,
    "worst_fitness": -33102.0,
    "average_fitness": -31468.013903180545,
    "best_fitness_per_step": -91.6334375,
    "worst_fitness_per_step": -103.44375,
    "average_fitness_per_step": -98.3375434474392,
    "best_attempted_moves": 308.3
}