{
    "best_fitness": -31276.6,
    "worst_fitness": -33084.0,
    "average_fitness": -31570.528421733005,
    "best_fitness_per_step": -97.739375,
    "worst_fitness_per_step": -103.3875,
    "average_fitness_per_step": -98.65790131791564,
    "best_attempted_moves": 316.1
}