{
    "best_fitness": -32649.45,
    "worst_fitness": -33064.65,
    "average_fitness": -32690.469539289054,
    "best_fitness_per_step": -102.02953125,
    "worst_fitness_per_step": -103.32703125000003,
    "average_fitness_per_step": -102.1577173102783,
    "best_attempted_moves": 320.0
}