{
    "best_fitness": -165588.15,
    "worst_fitness": -166563.0,
    "average_fitness": -165643.758267214,
    "best_fitness_per_step": -229.98354166666667,
    "worst_fitness_per_step": -231.33749999999995,
    "average_fitness_per_step": -230.0607753711306,
    "best_attempted_moves": 720.0
}