{
    "best_fitness": -165593.7,
    "worst_fitness": -166307.55,
    "average_fitness": -165655.7865047606,
    "best_fitness_per_step": -229.99124999999998,
    "worst_fitness_per_step": -230.9827083333333,
    "average_fitness_per_step": -230.07748125661192,
    "best_attempted_moves": 720.0
}