{
    "best_fitness": -165614.7,
    "worst_fitness": -166234.8,
    "average_fitness": -165675.6505330933,
    "best_fitness_per_step": -230.02041666666665,
    "worst_fitness_per_step": -230.88166666666672,
    "average_fitness_per_step": -230.10507018485185,
    "best_attempted_moves": 720.0
}