{
    "best_fitness": -165613.95,
    "worst_fitness": -166495.05,
    "average_fitness": -165671.2139538909,
    "best_fitness_per_step": -230.01937500000003,
    "worst_fitness_per_step": -231.24312500000002,
    "average_fitness_per_step": -230.0989082692929,
    "best_attempted_moves": 720.0
}