{
    "best_fitness": -165568.05,
    "worst_fitness": -166080.0,
    "average_fitness": -165614.73197458746,
    "best_fitness_per_step": -229.95562499999997,
    "worst_fitness_per_step": -230.66666666666669,
    "average_fitness_per_step": -230.02046107581586,
    "best_attempted_moves": 720.0
}