{
    "best_fitness": -165574.05,
    "worst_fitness": -166369.05,
    "average_fitness": -165617.95647787367,
    "best_fitness_per_step": -229.96395833333332,
    "worst_fitness_per_step": -231.06812499999995,
    "average_fitness_per_step": -230.0249395526023,
    "best_attempted_moves": 720.0
}