{
    "best_fitness": -165584.4,
    "worst_fitness": -166072.5,
    "average_fitness": -165630.83233718344,
    "best_fitness_per_step": -229.9783333333333,
    "worst_fitness_per_step": -230.65624999999994,
    "average_fitness_per_step": -230.04282269053252,
    "best_attempted_moves": 720.0
}