{
    "best_fitness": -165598.35,
    "worst_fitness": -166413.45,
    "average_fitness": -165632.14132514613,
    "best_fitness_per_step": -229.99770833333338,
    "worst_fitness_per_step": -231.12979166666665,
    "average_fitness_per_step": -230.04464072936958,
    "best_attempted_moves": 720.0
}