{
    "best_fitness": -165586.8,
    "worst_fitness": -166056.45,
    "average_fitness": -165634.32348490116,
    "best_fitness_per_step": -229.98166666666663,
    "worst_fitness_per_step": -230.63395833333328,
    "average_fitness_per_step": -230.04767150680723,
    "best_attempted_moves": 720.0
}