{
    "best_fitness": -165607.5,
    "worst_fitness": -166537.35,
    "average_fitness": -165661.0687655774,
    "best_fitness_per_step": -230.01041666666666,
    "worst_fitness_per_step": -231.30187500000002,
    "average_fitness_per_step": -230.08481772996862,
    "best_attempted_moves": 720.0
}