{
    "best_fitness": -165597.75,
    "worst_fitness": -166535.1,
    "average_fitness": -165656.20442769423,
    "best_fitness_per_step": -229.996875,
    "worst_fitness_per_step": -231.29875,
    "average_fitness_per_step": -230.07806170513086,
    "best_attempted_moves": 720.0
}