{
    "best_fitness": -165605.85,
    "worst_fitness": -166251.3,
    "average_fitness": -165676.17737122683,
    "best_fitness_per_step": -230.008125,
    "worst_fitness_per_step": -230.90458333333336,
    "average_fitness_per_step": -230.10580190448167,
    "best_attempted_moves": 720.0
}