{
    "best_fitness": -165600.9,
    "worst_fitness": -166310.25,
    "average_fitness": -165664.13174761966,
    "best_fitness_per_step": -230.00124999999997,
    "worst_fitness_per_step": -230.98645833333336,
    "average_fitness_per_step": -230.08907187169407,
    "best_attempted_moves": 720.0
}