{
    "best_fitness": -165565.35,
    "worst_fitness": -166369.5,
    "average_fitness": -165603.84436364583,
    "best_fitness_per_step": -229.95187500000006,
    "worst_fitness_per_step": -231.06875,
    "average_fitness_per_step": -230.00533939395254,
    "best_attempted_moves": 720.0
}