{
    "best_fitness": -165570.15,
    "worst_fitness": -166392.9,
    "average_fitness": -165611.58242442104,
    "best_fitness_per_step": -229.9585416666667,
    "worst_fitness_per_step": -231.10125000000002,
    "average_fitness_per_step": -230.0160867005847,
    "best_attempted_moves": 720.0
}