{
    "best_fitness": -2082.3,
    "worst_fitness": -2161.05,
    "average_fitness": -2085.2681697612734,
    "best_fitness_per_step": -26.028749999999995,
    "worst_fitness_per_step": -27.013125000000002,
    "average_fitness_per_step": -26.06585212201591,
    "best_attempted_moves": 80.0
}