{
    "best_fitness": -2076.6,
    "worst_fitness": -2167.2,
    "average_fitness": -2079.6076299743263,
    "best_fitness_per_step": -25.957499999999992,
    "worst_fitness_per_step": -27.090000000000003,
    "average_fitness_per_step": -25.995095374679067,
    "best_attempted_moves": 80.0
}