{
    "best_fitness": -2051.55,
    "worst_fitness": -2154.6,
    "average_fitness": -2062.646833773087,
    "best_fitness_per_step": -25.644374999999997,
    "worst_fitness_per_step": -26.932499999999997,
    "average_fitness_per_step": -25.783085422163587,
    "best_attempted_moves": 80.0
}