{
    "best_fitness": -2039.4,
    "worst_fitness": -2154.75,
    "average_fitness": -2050.4377873563217,
    "best_fitness_per_step": -25.4925,
    "worst_fitness_per_step": -26.934375,
    "average_fitness_per_step": -25.63047234195402,
    "best_attempted_moves": 80.0
}