{
    "best_fitness": -2078.25,
    "worst_fitness": -2170.65,
    "average_fitness": -2084.271695402299,
    "best_fitness_per_step": -25.978125,
    "worst_fitness_per_step": -27.133125,
    "average_fitness_per_step": -26.053396192528737,
    "best_attempted_moves": 80.0
}