{
    "best_fitness": -2037.0,
    "worst_fitness": -2156.55,
    "average_fitness": -2048.6993295019156,
    "best_fitness_per_step": -25.462500000000002,
    "worst_fitness_per_step": -26.956875000000004,
    "average_fitness_per_step": -25.60874161877395,
    "best_attempted_moves": 80.0
}