{
    "best_fitness": -2043.9,
    "worst_fitness": -2146.05,
    "average_fitness": -2048.188328912467,
    "best_fitness_per_step": -25.548749999999995,
    "worst_fitness_per_step": -26.825624999999995,
    "average_fitness_per_step": -25.602354111405834,
    "best_attempted_moves": 80.0
}