{
    "best_fitness": -2035.2,
    "worst_fitness": -2147.85,
    "average_fitness": -2039.452471116816,
    "best_fitness_per_step": -25.44,
    "worst_fitness_per_step": -26.848125000000003,
    "average_fitness_per_step": -25.49315588896021,
    "best_attempted_moves": 80.0
}