{
    "best_fitness": -2030.4,
    "worst_fitness": -2148.6,
    "average_fitness": -2035.313414634146,
    "best_fitness_per_step": -25.379999999999992,
    "worst_fitness_per_step": -26.857499999999998,
    "average_fitness_per_step": -25.44141768292683,
    "best_attempted_moves": 80.0
}