{
    "best_fitness": -2083.35,
    "worst_fitness": -2166.75,
    "average_fitness": -2088.750890501319,
    "best_fitness_per_step": -26.041874999999997,
    "worst_fitness_per_step": -27.084375,
    "average_fitness_per_step": -26.10938613126649,
    "best_attempted_moves": 80.0
}