{
    "best_fitness": -2049.0,
    "worst_fitness": -2153.4,
    "average_fitness": -2061.7858179419527,
    "best_fitness_per_step": -25.6125,
    "worst_fitness_per_step": -26.9175,
    "average_fitness_per_step": -25.772322724274403,
    "best_attempted_moves": 80.0
}