{
    "best_fitness": -2035.2,
    "worst_fitness": -2149.5,
    "average_fitness": -2040.1751160477452,
    "best_fitness_per_step": -25.439999999999998,
    "worst_fitness_per_step": -26.86875,
    "average_fitness_per_step": -25.502188950596814,
    "best_attempted_moves": 80.0
}