{
    "best_fitness": -2080.35,
    "worst_fitness": -2161.5,
    "average_fitness": -2087.803298153034,
    "best_fitness_per_step": -26.004375000000003,
    "worst_fitness_per_step": -27.01875,
    "average_fitness_per_step": -26.097541226912927,
    "best_attempted_moves": 80.0
}