{
    "best_fitness": -2076.15,
    "worst_fitness": -2165.1,
    "average_fitness": -2079.5951757294433,
    "best_fitness_per_step": -25.951874999999994,
    "worst_fitness_per_step": -27.06375,
    "average_fitness_per_step": -25.994939696618037,
    "best_attempted_moves": 80.0
}