{
    "best_fitness": -2070.75,
    "worst_fitness": -2167.8,
    "average_fitness": -2074.11830872914,
    "best_fitness_per_step": -25.884375,
    "worst_fitness_per_step": -27.097499999999997,
    "average_fitness_per_step": -25.926478859114248,
    "best_attempted_moves": 80.0
}