{
    "best_fitness": -2070.45,
    "worst_fitness": -2172.0,
    "average_fitness": -2076.12811302682,
    "best_fitness_per_step": -25.880625000000002,
    "worst_fitness_per_step": -27.15,
    "average_fitness_per_step": -25.95160141283525,
    "best_attempted_moves": 80.0
}