{
    "best_fitness": 416.0,
    "worst_fitness": -1966.2,
    "average_fitness": -1030.1125,
    "best_fitness_per_step": 5.200000000000001,
    "worst_fitness_per_step": -24.577499999999997,
    "average_fitness_per_step": -12.876406250000002,
    "best_attempted_moves": 49.8
}