{
    "best_fitness": -22047.4,
    "worst_fitness": -32766.0,
    "average_fitness": -32090.8125,
    "best_fitness_per_step": -68.89812500000001,
    "worst_fitness_per_step": -102.39375,
    "average_fitness_per_step": -100.2837890625,
    "best_attempted_moves": 278.6
}